address,posterior
4224,0.49999999999999994
4225,0
4226,0
4227,0.49999999999999994
4228,0.49999999999999994
4229,0.49999999999999994
4230,0.996108949416342
4231,0.0038910505836575898
4232,0.999984741443764
4233,0.000015258556235409002
4234,1
4235,0.9999999925494194
4236,0.0000000037252902845841304
4237,0.0000000037252902845841304
4238,1
4239,0.9999999997671694
4240,0.0000000002328306436538698
4241,0.9999999999854481
4242,0.000000000000855995013432658
4243,0.9999999999827196
4244,0.000000000000909494701758039
4245,0.0000000000009094947017721011
4246,0.0000000000008559950134315571
4247,0.99999999999784
4248,0.00000000000005684341886068844
4249,0.000000000000056843418860753066
4250,0.0000000000009094947017710154
4251,0.000000000000056843418860698136
4252,0.000000000000056843418860691674
4253,0.000000000000056843418860694905
4254,0.000000000000000013874400503004138
4255,0.9999999999999929
4256,0.0000000000000002220446049250303
4257,0.0000000000000002220446049250303
4258,0.00000000000000022204460492503185
4259,0.0000000000000002220446049250303
4260,0.000000000000003552713678800486
4261,0.000000000000000013877787807814389
4262,0.000000000000003552713678800486
4263,0.0000000000000000000000008271805632492227
4264,1
4265,0.0000000000000000000000008271806125530277
4266,0.0000000000000000000000008271806125530277
4267,0.0000000000000000000000008271806125530277
4268,0.000000000000000000000000048657683091354436
4269,1
4270,0.0000000000000000000000000009069962856941033
4271,1
4272,0.000000000000000000000013234889800848355
4273,0.000000000000000000000000014771082367018241
4274,0
4275,0.0000000000000000000000000009231926479386397
4276,0.0000000000000000000000000009231926479386397
4277,0.00000000000000000000000000000000025154996501069742
4278,1
4279,0.0000000000000000000000000000000002515500335526251
4280,0.000000000000000000000000000000000004413158483379422
4281,1
4282,0.000000000000000000000000000000000015721877097039175
4283,0.000000000000000000000000000000000015721877097039175
4284,0.000000000000000000000000000000000004491964884868367
4285,0.0000000000000000000000000000000000002758224052112118
4286,1
4287,0.00000000000000000000000000000000000028074780530427485
4288,0.00000000000000000000000000000000000008021365865836367
4289,0.0000000000000000000000000000000000000014072571694449877
4290,1
4291,0.0000000000000000000000000000000000000014323867617565138
4292,0.0000000000000000000000000000000000000014323867617565138
4293,0.000000000000000000000000000000000000022918188188104065
4294,0
4295,0.0000000000000000000000000000000000000014323867617565138
4296,0.0000000000000000000000000000000000000014323867617565138
4297,0.000000000000000000000000000000000000000005573489345356167
4298,1
4299,0.0000000000000000000000000000000000000000055952607881114573
4300,0.0000000000000000000000000000000000000000055952607881114573
4301,0.0000000000000000000000000000000000000000055952607881114573
4302,0.0000000000000000000000000000000000000000020677576038564983
4303,1
4304,0.00000000000000000000000000000000000000000327983914849995
4305,0.00000000000000000000000000000000000000000327983914849995
4306,0.00000000000000000000000000000000000000000327983914849995
4307,0.0000000000000000000000000000000000000000016399195742499717
4308,1
4309,0
4310,0.0000000000000000000000000000000000000000016399195742499717
4311,0.0000000000000000000000000000000000000000016399195742499717
4312,1
4313,0.00000000000000000000000000000000000000005247742637599884
4314,0.0000000000000000000000000000000000000000016399195742499717
4315,1
4316,0
4317,0.00000000000000000000000000000000000000000327983914849995
4318,0.00000000000000000000000000000000000000000327983914849995
4319,0.0000000000000000000000000000000000000000016399195742499717
4320,1
4321,0.000000000000000000000000000000000000000011479437019749906
4322,0.000000000000000000000000000000000000000011479437019749906
4323,0.000000000000000000000000000000000000000026238713187999374
4324,1
4325,0.00000000000000000000000000000000000000000327983914849995
4326,0.000000000000000000000000000000000000002938735877055936
4327,0.0000000000000000000000000000000000000000016399195742499717
4328,0.000000000000000000000000000000000000023509887016447624
4329,1
4330,0.0000000000000000000000000000000000007523163845263203
4331,0.000000000000000000000000000000000000000011479437019749906
4332,0.0000000000000000000000000000000000000000016399195742499717
4333,1
4334,0.00000000000000000000000000000000000000005247742637599884
4335,0.000000000000000000000000000000000000000011479437019749906
4336,0.00000000000000000000000000000000000000005247742637599884
4337,1
4338,0.0000000000000000000000000000000000000000016399195742499717
4339,1
4340,0.0000000000000000000000000000000000000000016399195742499717
4341,1
4342,0.00000000000000000000000000000000000000000327983914849995
4343,0.000000000000000000000000000000000000000011479437019749906
4344,0.0000000000000000000000000000000000000000016399195742499717
4345,0.00000000000000000000000000000000000000009183549615799845
4346,1
4347,0.0000000000000000000000000000000000000014693679385279654
4348,0.0000000000000000000000000000000000000000016399195742499717
4349,1
4350,0
4351,0
4352,0.0000000000000000000000000000000000000000016399195742499717
4353,1
4354,0.00000000000000000000000000000000000000005247742637599884
4355,0.0000000000000000000000000000000000000000016399195742499717
4356,0.0000000000000000000000000000000000000000016399195742499717
4357,1
4358,0.00000000000000000000000000000000000000005247742637599884
4359,0
4360,1
4361,0
4362,1
4363,0.00000000000000000000000000000000000000000327983914849995
4364,0.0000000000000000000000000000000000000008363589828674898
4365,0.00000000000000000000000000000000000000000327983914849995
4366,1
4367,0.00000000000000000000000000000000000000000327983914849995
4368,0.00000000000000000000000000000000000000000327983914849995
4369,0.0000000000000000000000000000000000000000016399195742499717
4370,1
4371,0.00000000000000000000000000000000000000005247742637599884
4372,0.0000000000000000000000000000000000000000016399195742499717
4373,1
4374,0.00000000000000000000000000000000000000000000000000000000000000000000000000000000000021569412675991986
4375,1
4376,0.0000000000000000000000000000000000000000000000000000000000000000000000000000000000004313882535198405
4377,1
4378,0.00000000000000000000000000000000000000000000000000000000000000000000000000000000000043138825351982823
4379,0.000000000000000000000000000000000000000000000000000000000000000000000000000000000006902212056317304
4380,0.000000000000000000000000000000000000000000000000000000000000000000000000000000000006902212056317304
4381,0
4382,0.00000000000000000000000000000000000000000000000000000000000000000000000000000000011043539290107454
4383,0.0000000000000000000000000000000000000000000000000000000000000000000000000000000000000001052936913643736
4384,1
4385,0.0000000000000000000000000000000000000000000000000000000000000000000000000000000000000016851103653118998
4386,0.00000000000000000000000000000000000000000000000000000000000000000000000000000000000000010531939783199294
4387,0.00000000000000000000000000000000000000000000000000000000000000000000000000000000000002696176584498983
4388,0.00000000000000000000000000000000000000000000000000000000000000000000000000000000000000000002570646761825251
4389,1
4390,0.00000000000000000000000000000000000000000000000000000000000000000000000000000000000000000000000000000037416966540241425
4391,1
4392,0
4393,0
4394,0
4395,0.000000000000000000000000000000000000000000000000000000000000000000000000000000000000000000000000000000022009980318105546
4396,1
4397,0.000000000000000000000000000000000000000000000000000000000000000000000000000000000000000000000000000000000000006422116469492063
4398,1
4399,0.0000000000000000000000000000000000000000000000000000000000000000000000000000000000000000000000000000000014616002554991372
4400,0.0000000000000000000000000000000000000000000000000000000000000000000000000000000000000000000000000000000014616002554991372
4401,0.0000000000000000000000000000000000000000000000000000000000000000000000000000000000000000000000000000000014616002554991372
4402,0.0000000000000000000000000000000000000000000000000000000000000000000000000000000000000000000000000000000000000064221182331236606
4403,1
4404,0.000000000000000000000000000000000000000000000000000000000000000000000000000000000000000000000000000000000000006422146451361712
4405,0.05904059040590407
4406,0
4407,0.000000000000000000000000000000000000000000000000000000000000000000000000000000000000000000000000000000000000000000000003431168698522975
4408,1
4409,0.00000000000000000000000000000000000000000000000000000000000000000000000000000000000000000000000000000000000000000000000021444804365768435
4410,0.00000000000000000000000000000000000000000000000000000000000000000000000000000000000000000000000000000000000000000000000021444804365768435
4411,1
4412,0
4413,1
4414,0
4415,1
4416,0.000000000000000000000000000000000000000000000000000000000000000000000000000000000000000000000000000000000000000000000003431168698522975
4417,1
4418,0.00000000000000000000000000000000000000000000000000000000000000000000000000000000000000000000000000000000000000000000000021444804365768435
4419,1
4420,0.0000000000000000000000000000000000000000000000000000000000000000000000000000000000000000000000000000000000000000000000004288960873153695
4421,1
4422,0.00000000000000000000000000000000000000000000000000000000000000000000000000000000000000000000000000000000000000000000000021444804365768435
4423,1
4424,0
4425,0.00000000000000000000000000000000000000000000000000000000000000000000000000000000000000000000000000000000000000000000000021444804365768435
4426,1
4427,0.000000000000000000000000000000000000000000000000000000000000000000000000000000000000000000000000000000000000000000000006862337397045963
4428,0.00000000000000000000000000000000000000000000000000000000000000000000000000000000000000000000000000000000000000000000000014296536243845682
4429,1
4430,0.0000000000000000000000000000000000000000000000000000000000000000000000000000000000000000000000000000000000000000000000004288960873153695
4431,0.00000000000000000000000000000000000000000000000000000000000000000000000000000000000000000000000000000000000000000000000014296536243845682
4432,1
4433,0.00000000000000000000000000000000000000000000000000000000000000000000000000000000000000000000000000000000000000000000000014296536243845682
4434,1
4435,0.0000000000000000000000000000000000000000000000000000000000000000000000000000000000000000000000000000000000000000000000004288960873153695
4436,0.00000000000000000000000000000000000000000000000000000000000000000000000000000000000000000000000000000000000000000000000021444804365768435
4437,1
4438,0.00000000000000000000000000000000000000000000000000000000000000000000000000000000000000000000000000000000000000000000000021444804365768435
4439,1
4440,0.0000000000000000000000000000000000000000000000000000000000000000000000000000000000000000000000000000000000000000000000004288960873153695
4441,0
4442,1
4443,0
4444,1
4445,0.00000000000000000000000000000000000000000000000000000000000000000000000000000000000000000000000000000000000000000000000000000000000000000000003415920981701671
4446,1
4447,0.000000000000000000000000000000000000000000000000000000000000000000000000000000000000000000000000000000000000000000000000000000000000000000000017079604908508324
4448,0.000000000000000000000000000000000000000000000000000000000000000000000000000000000000000000000000000000000000000000000000000000000000000000000017079604908508324
4449,1
4450,0.00000000000000000000000000000000000000000000000000000000000000000000000000000000000000000000000000000000000000000000000000000000000000000000003415920981701477
4451,0.0000000000000000000000000000000000000000000000000000000000000000000000000000000000000000000000000000000000000000000000000000000000000000000005465473570722404
4452,0.00000000000000000000000000000000000000000000000000000000000000000000000000000000000000000000000000000000000000000000000000000000000000000000003415920981701477
4453,0
4454,0.00000000000000000000000000000000000000000000000000000000000000000000000000000000000000000000000000000000000000000000000000000000000000000000003415920981701477
4455,0.0000000000000000000000000000000000000000000000000000000000000000000000000000000000000000000000000000000000000000000000000000000000000000000000020093652833540327
4456,1
4457,0.00000000000000000000000000000000000000000000000000000000000000000000000000000000000000000000000000000000000000000000000000000000000000000000003415920981701865
4458,0.0000000000000000000000000000000000000000000000000000000000000000000000000000000000000000000000000000000000000000000000000000000000000000000000021349506135636497
4459,0.0000000000000000000000000000000000000000000000000000000000000000000000000000000000000000000000000000000000000000000000000000000000000000000005465473570723025
4460,0.00000000000000000000000000000000000000000000000000000000000000000000000000000000000000000000000000000000000000000000000000000000000000000000000000052110095522660435
4461,1
4462,0.0000000000000000000000000000000000000000000000000000000000000000000000000000000000000000000000000000000000000000000000000000000000000000000000000000000000000075848682500269
4463,1
4464,0.000000000000000000000000000000000000000000000000000000000000000000000000000000000000000000000000000000000000000000000000000000000000000000000000000000000000007584868250137275
4465,0
4466,0
4467,0
4468,1
4469,0.000000000000000000000000000000000000000000000000000000000000000000000000000000000000000000000000000000000000000000000000000000000000000000000000000000000000007584868250136412
4470,0.000000000000000000000000000000000000000000000000000000000000000000000000000000000000000000000000000000000000000000000000000000000000000000000000000000000000007584868250136412
4471,0.000000000000000000000000000000000000000000000000000000000000000000000000000000000000000000000000000000000000000000000000000000000000000000000000000000000000007584868250136412
4472,0.0000000000000000000000000000000000000000000000000000000000000000000000000000000000000000000000000000000000000000000000000000000000000000000000000000000000000004461687205963344
4473,1
4474,0.000000000000000000000000000000000000000000000000000000000000000000000000000000000000000000000000000000000000000000000000000000000000000000000000000000000000007584868250137705
4475,0.00000000000000000000000000000000000000000000000000000000000000000000000000000000000000000000000000000000000000000000000000000000000000000000000000000000000000047405426563360304
4476,0.00000000000000000000000000000000000000000000000000000000000000000000000000000000000000000000000000000000000000000000000000000000000000000000000000000000000012135789200220419
4477,0.000000000000000000000000000000000000000000000000000000000000000000000000000000000000000000000000000000000000000000000000000000000000000000000000000000000000000001844569126978713
4478,1
4479,0.0000000000000000000000000000000000000000000000000000000000000000000000000000000000000000000000000000000000000000000000000000000000000000000000000000000000000000018517744751310237
4480,1
4481,0.000000000000000000000000000000000000000000000000000000000000000000000000000000000000000000000000000000000000000000000000000000000000000000000000000000000000000000007233494043480043
4482,0.00000000000000000000000000000000000000000000000000000000000000000000000000000000000000000000000000000000000000000000000000000000000000000000000000000000000000000000022604668885874923
4483,1
4484,0.000000000000000000000000000000000000000000000000000000000000000000000000000000000000000000000000000000000000000000000000000000000000000000000000000000000000000000007233494043480043
4485,0.0000000000000000000000000000000000000000000000000000000000000000000000000000000000000000000000000000000000000000000000000000000000000000000000000000000000000000000036167470217400147
4486,0.0000000000000000000000000000000000000000000000000000000000000000000000000000000000000000000000000000000000000000000000000000000000000000000000000000000000000000000036167470217400147
4487,1
4488,0.0000000000000000000000000000000000000000000000000000000000000000000000000000000000000000000000000000000000000000000000000000000000000000000000000000000000000000000004520933777174993
4489,0.00000000000000000000000000000000000000000000000000000000000000000000000000000000000000000000000000000000000000000000000000000000000000000000000000000000000000000011573590469568155
4490,0.0000000000000000000000000000000000000000000000000000000000000000000000000000000000000000000000000000000000000000000000000000000000000000000000000000000000000000009258872375654576
4491,1
4492,0.000000000000000000000000000000000000000000000000000000000000000000000000000000000000000000000000000000000000000000000000000000000000000000000000000000000000000000007233494043480043
4493,0.0000000000000000000000000000000000000000000000000000000000000000000000000000000000000000000000000000000000000000000000000000000000000000000000000000000000000000018517744751309186
4494,0.0000000000000000000000000000000000000000000000000000000000000000000000000000000000000000000000000000000000000000000000000000000000000000000000000000000000000000009258872375654576
4495,1
4496,0.0000000000000000000000000000000000000000000000000000000000000000000000000000000000000000000000000000000000000000000000000000000000000000000000000000000000000000000004520933777174993
4497,1
4498,0.000000000000000000000000000000000000000000000000000000000000000000000000000000000000000000000000000000000000000000000000000000000000000000000000000000000000000000000000000000030074626321607226
4499,0.0000000000000000000000000000000000000000000000000000000000000000000000000000000000000000000000000000000000000000000000000000000000000000000000000000000000000000000000000000004811940211457192
4500,0.000000000000000000000000000000000000000000000000000000000000000000000000000000000000000000000000000000000000000000000000000000000000000000000000000000000000000000000000000000030074626321607226
4501,0
4502,0.000000000000000000000000000000000000000000000000000000000000000000000000000000000000000000000000000000000000000000000000000000000000000000000000000000000000000000000000000000030074626321607226
4503,0.0000000000000000000000000000000000000000000000000000000000000000000000000000000000000000000000000000000000000000000000000000000000000000000000000000000000000000000000000000000017690956659769913
4504,1
4505,0.000000000000000000000000000000000000000000000000000000000000000000000000000000000000000000000000000000000000000000000000000000000000000000000000000000000000000000000000000000030074626321608934
4506,0.0000000000000000000000000000000000000000000000000000000000000000000000000000000000000000000000000000000000000000000000000000000000000000000000000000000000000000000000000000000018796641451005443
4507,0.00000000000000000000000000000000000000000000000000000000000000000000000000000000000000000000000000000000000000000000000000000000000000000000000000000000000000000000000000000048119402114574653
4508,0.00000000000000000000000000000000000000000000000000000000000000000000000000000000000000000000000000000000000000000000000000000000000000000000000000000000000000000000000000000000000045879036980725473
4509,1
4510,0.000000000000000000000000000000000000000000000000000000000000000000000000000000000000000000000000000000000000000000000000000000000000000000000000000000000000000000000000000000000000000000000006677908521306222
4511,1
4512,0.0000000000000000000000000000000000000000000000000000000000000000000000000000000000000000000000000000000000000000000000000000000000000000000000000000000000000000000000000000000000000000000000066779085214033986
4513,0
4514,0
4515,0
4516,1
4517,0.0000000000000000000000000000000000000000000000000000000000000000000000000000000000000000000000000000000000000000000000000000000000000000000000000000000000000000000000000000000000000000000000066779085214033986
4518,0.0000000000000000000000000000000000000000000000000000000000000000000000000000000000000000000000000000000000000000000000000000000000000000000000000000000000000000000000000000000000000000000000004173692825877093
4519,0.0000000000000000000000000000000000000000000000000000000000000000000000000000000000000000000000000000000000000000000000000000000000000000000000000000000000000000000000000000000000000000000000066779085214033986
4520,0.0000000000000000000000000000000000000000000000000000000000000000000000000000000000000000000000000000000000000000000000000000000000000000000000000000000000000000000000000000000000000000000000000016240049906136788
4521,1
4522,0.0000000000000000000000000000000000000000000000000000000000000000000000000000000000000000000000000000000000000000000000000000000000000000000000000000000000000000000000000000000000000000000000000016303487601083077
4523,0.0000000000000000000000000000000000000000000000000000000000000000000000000000000000000000000000000000000000000000000000000000000000000000000000000000000000000000000000000000000000000000000000000016303487601083077
4524,0.0000000000000000000000000000000000000000000000000000000000000000000000000000000000000000000000000000000000000000000000000000000000000000000000000000000000000000000000000000000000000000000000000016303487601083077
4525,0.00000000000000000000000000000000000000000000000000000000000000000000000000000000000000000000000000000000000000000000000000000000000000000000000000000000000000000000000000000000000000000000000000009590286824165945
4526,1
4527,0.0000000000000000000000000000000000000000000000000000000000000000000000000000000000000000000000000000000000000000000000000000000000000000000000000000000000000000000000000000000000000000000000000016303487601082151
4528,1
4529,0
4530,1
4531,0.000000000000000000000000000000000000000000000000000000000000000000000000000000000000000000000000000000000000000000000000000000000000000000000000000000000000000000000000000000000000000000000000000000012438573914400148
4532,1
4533,0.00000000000000000000000000000000000000000000000000000000000000000000000000000000000000000000000000000000000000000000000000000000000000000000000000000000000000000000000000000000000000000000000000000002487714782880034
4534,1
4535,0.0000000000000000000000000000000000000000000000000000000000000000000000000000000000000000000000000000000000000000000000000000000000000000000000000000000000000000000000000000000000000000000000000000000000277608010364633
4536,0.000000000000000000000000000000000000000000000000000000000000000000000000000000000000000000000000000000000000000000000000000000000000000000000000000000000000000000000000000000000000000000000000000000012438573914400148
4537,1
4538,0.00000000000000000000000000000000000000000000000000000000000000000000000000000000000000000000000000000000000000000000000000000000000000000000000000000000000000000000000000000000000000000000000000000002487714782880034
4539,1
4540,0.000000000000000000000000000000000000000000000000000000000000000000000000000000000000000000000000000000000000000000000000000000000000000000000000000000000000000000000000000000000000000000000000000000000027764673916071984
4541,0.000000000000000000000000000000000000000000000000000000000000000000000000000000000000000000000000000000000000000000000000000000000000000000000000000000000000000000000000000000000000000000000000000000000027764673916071984
4542,0.000000000000000000000000000000000000000000000000000000000000000000000000000000000000000000000000000000000000000000000000000000000000000000000000000000000000000000000000000000000000000000000000000000001548748216880917
4543,0
4544,0.000000000000000000000000000000000000000000000000000000000000000000000000000000000000000000000000000000000000000000000000000000000000000000000000000000000000000000000000000000000000000000000000000000001548748216880917
4545,0.000000000000000000000000000000000000000000000000000000000000000000000000000000000000000000000000000000000000000000000000000000000000000000000000000000000000000000000000000000000000000000000000000000000000000007594907759307893
4546,1
4547,0.00000000000000000000000000000000000000000000000000000000000000000000000000000000000000000000000000000000000000000000000000000000000000000000000000000000000000000000000000000000000000000000000000000000000000012151905600521222
4548,0.000000000000000000000000000000000000000000000000000000000000000000000000000000000000000000000000000000000000000000000000000000000000000000000000000000000000000000000000000000000000000000000000000000000000000007594941000325707
4549,0.00000000000000000000000000000000000000000000000000000000000000000000000000000000000000000000000000000000000000000000000000000000000000000000000000000000000000000000000000000000000000000000000000000000000000194430489608341
4550,0.0000000000000000000000000000000000000000000000000000000000000000000000000000000000000000000000000000000000000000000000000000000000000000000000000000000000000000000000000000000000000000000000000000000000000000000018537810593909716
4551,1
4552,0.000000000000000000000000000000000000000000000000000000000000000000000000000000000000000000000000000000000000000000000000000000000000000000000000000000000000000000000000000000000000000000000000000000000000000000000000000000000000000006282387951878766
4553,1
4554,0.0000000000000000000000000000000000000000000000000000000000000000000000000000000000000000000000000000000000000000000000000000000000000000000000000000000000000000000000000000000000000000000000000000000000000000000000000000000000000000003695522324634348
4555,0
4556,0
4557,0
4558,1
4559,0.0000000000000000000000000000000000000000000000000000000000000000000000000000000000000000000000000000000000000000000000000000000000000000000000000000000000000000000000000000000000000000000000000000000000000000000000000000000000000000003926492469923753
4560,0
4561,0.000000000000000000000000000000000000000000000000000000000000000000000000000000000000000000000000000000000000000000000000000000000000000000000000000000000000000000000000000000000000000000000000000000000000000000000000000000000000000006282387951878051
4562,0
4563,1
4564,0
4565,1
4566,0
4567,0.00000000000000000000000000000000000000000000000000000000000000000000000000000000000000000000000000000000000000000000000000000000000000000000000000000000000000000000000000000000000000000000000000000000000000000000000000000000000000000000000002340336178134601
4568,1
4569,0.0000000000000000000000000000000000000000000000000000000000000000000000000000000000000000000000000000000000000000000000000000000000000000000000000000000000000000000000000000000000000000000000000000000000000000000000000000000000000000000000003744595022129109
4570,0.0000000000000000000000000000000000000000000000000000000000000000000000000000000000000000000000000000000000000000000000000000000000000000000000000000000000000000000000000000000000000000000000000000000000000000000000000000000000000000000000003744595022129109
4571,0.000000000000000000000000000000000000000000000000000000000000000000000000000000000000000000000000000000000000000000000000000000000000000000000000000000000000000000000000000000000000000000000000000000000000000000000000000000000000000000000000011701859444154021
4572,1
4573,0.00000000000000000000000000000000000000000000000000000000000000000000000000000000000000000000000000000000000000000000000000000000000000000000000000000000000000000000000000000000000000000000000000000000000000000000000000000000000000000000000000780123962943516
4574,1
4575,0.0000000000000000000000000000000000000000000000000000000000000000000000000000000000000000000000000000000000000000000000000000000000000000000000000000000000000000000000000000000000000000000000000000000000000000000000000000000000000000000000003744595022129109
4576,0.000000000000000000000000000000000000000000000000000000000000000000000000000000000000000000000000000000000000000000000000000000000000000000000000000000000000000000000000000000000000000000000000000000000000000000000000000000000000000000000000011701859444154021
4577,1
4578,0.000000000000000000000000000000000000000000000000000000000000000000000000000000000000000000000000000000000000000000000000000000000000000000000000000000000000000000000000000000000000000000000000000000000000000000000000000000000000000000000000011701859444154021
4579,0.000000000000000000000000000000000000000000000000000000000000000000000000000000000000000000000000000000000000000000000000000000000000000000000000000000000000000000000000000000000000000000000000000000000000000000000000000000000000000000000000011701859444154021
4580,1
4581,0.000000000000000000000000000000000000000000000000000000000000000000000000000000000000000000000000000000000000000000000000000000000000000000000000000000000000000000000000000000000000000000000000000000000000000000000000000000000000000000000000023403718888306757
4582,0
4583,0.00000000000000000000000000000000000000000000000000000000000000000000000000000000000000000000000000000000000000000000000000000000000000000000000000000000000000000000000000000000000000000000000000000000000000000000000000000000000000000000000018722975110646574
4584,1
4585,0.000000000000000000000000000000000000000000000000000000000000000000000000000000000000000000000000000000000000000000000000000000000000000000000000000000000000000000000000000000000000000000000000000000000000000000000000000000000000000000000005991352035406619
4586,0.000000000000000000000000000000000000000000000000000000000000000000000000000000000000000000000000000000000000000000000000000000000000000000000000000000000000000000000000000000000000000000000000000000000000000000000000000000000000000000000000023403718888306757
4587,1
4588,0.0000000000000000000000000000000000000000000000000000000000000000000000000000000000000000000000000000000000000000000000000000000000000000000000000000000000000000000000000000000000000000000000000000000000000000000000000000000000000000000000000000000000054491029322972
4589,1
4590,0.0000000000000000000000000000000000000000000000000000000000000000000000000000000000000000000000000000000000000000000000000000000000000000000000000000000000000000000000000000000000000000000000000000000000000000000000000000000000000000000000000000000000015568865521884023
4591,0.000000000000000000000000000000000000000000000000000000000000000000000000000000000000000000000000000000000000000000000000000000000000000000000000000000000000000000000000000000000000000000000000000000000000000000000000000000000000000000000000000000000024910184835014623
4592,0.0000000000000000000000000000000000000000000000000000000000000000000000000000000000000000000000000000000000000000000000000000000000000000000000000000000000000000000000000000000000000000000000000000000000000000000000000000000000000000000000000000000000015568865521884023
4593,0
4594,0.0000000000000000000000000000000000000000000000000000000000000000000000000000000000000000000000000000000000000000000000000000000000000000000000000000000000000000000000000000000000000000000000000000000000000000000000000000000000000000000000000000000000015568865521884023
4595,0.00000000000000000000000000000000000000000000000000000000000000000000000000000000000000000000000000000000000000000000000000000000000000000000000000000000000000000000000000000000000000000000000000000000000000000000000000000000000000000000000000000000000009158156189341957
4596,1
4597,0.0000000000000000000000000000000000000000000000000000000000000000000000000000000000000000000000000000000000000000000000000000000000000000000000000000000000000000000000000000000000000000000000000000000000000000000000000000000000000000000000000000000000015568865521880483
4598,0
4599,0.00000000000000000000000000000000000000000000000000000000000000000000000000000000000000000000000000000000000000000000000000000000000000000000000000000000000000000000000000000000000000000000000000000000000000000000000000000000000000000000000000000000002491018483500896
4600,0
4601,1
4602,0
4603,1
4604,0.00000000000000000000000000000000000000000000000000000000000000000000000000000000000000000000000000000000000000000000000000000000000000000000000000000000000000000000000000000000000000000000000000000000000000000000000000000000000000000000000000000000000000000000000000034569825947406636
4605,0
4606,0
4607,0.00000000000000000000000000000000000000000000000000000000000000000000000000000000000000000000000000000000000000000000000000000000000000000000000000000000000000000000000000000000000000000000000000000000000000000000000000000000000000000000000000000000000000000000000000002033519173376971
4608,1
4609,0.0000000000000000000000000000000000000000000000000000000000000000000000000000000000000000000000000000000000000000000000000000000000000000000000000000000000000000000000000000000000000000000000000000000000000000000000000000000000000000000000000000000000000000000000000003456982594741057
4610,0.000000000000000000000000000000000000000000000000000000000000000000000000000000000000000000000000000000000000000000000000000000000000000000000000000000000000000000000000000000000000000000000000000000000000000000000000000000000000000000000000000000000000000000000000000021606141217131444
4611,0.000000000000000000000000000000000000000000000000000000000000000000000000000000000000000000000000000000000000000000000000000000000000000000000000000000000000000000000000000000000000000000000000000000000000000000000000000000000000000000000000000000000000000000000000000021606141217131444
4612,0.00000000000000000000000000000000000000000000000000000000000000000000000000000000000000000000000000000000000000000000000000000000000000000000000000000000000000000000000000000000000000000000000000000000000000000000000000000000000000000000000000000000000000000000000000000008407058839350882
4613,1
4614,0.0000000000000000000000000000000000000000000000000000000000000000000000000000000000000000000000000000000000000000000000000000000000000000000000000000000000000000000000000000000000000000000000000000000000000000000000000000000000000000000000000000000000000000000000000000013503838260707052
4615,0.0000000000000000000000000000000000000000000000000000000000000000000000000000000000000000000000000000000000000000000000000000000000000000000000000000000000000000000000000000000000000000000000000000000000000000000000000000000000000000000000000000000000000000000000000000000000000013530891166773739
4616,0
4617,1
4618,0
4619,1
4620,0.0000000000000000000000000000000000000000000000000000000000000000000000000000000000000000000000000000000000000000000000000000000000000000000000000000000000000000000000000000000000000000000000000000000000000000000000000000000000000000000000000000000000000000000000000000000000000013580637307906448
4621,1
4622,0.000000000000000000000000000000000000000000000000000000000000000000000000000000000000000000000000000000000000000000000000000000000000000000000000000000000000000000000000000000000000000000000000000000000000000000000000000000000000000000000000000000000000000000000000000000000000023087083423439715
4623,0
4624,1
4625,0.0000000000000000000000000000000000000000000000000000000000000000000000000000000000000000000000000000000000000000000000000000000000000000000000000000000000000000000000000000000000000000000000000000000000000000000000000000000000000000000000000000000000000000000000000000000000000000056364949764275075
4626,0.00000000000000000000000000000000000000000000000000000000000000000000000000000000000000000000000000000000000000000000000000000000000000000000000000000000000000000000000000000000000000000000000000000000000000000000000000000000000000000000000000000000000000000000000000000002278452854793917
4627,0.00000000000000000000000000000000000000000000000000000000000000000000000000000000000000000000000000000000000000000000000000000000000000000000000000000000000000000000000000000000000000000000000000000000000000000000000000000000000000000000000000000000000000000000000000000002278452854793917
4628,1
4629,0.000000000000000000000000000000000000000000000000000000000000000000000000000000000000000000000000000000000000000000000000000000000000000000000000000000000000000000000000000000000000000000000000000000000000000000000000000000000000000000000000000000000000000000000000000000000000000005636494976426867
4630,0.00000000000000000000000000000000000000000000000000000000000000000000000000000000000000000000000000000000000000000000000000000000000000000000000000000000000000000000000000000000000000000000000000000000000000000000000000000000000000000000000000000000000000000000000000000000000000000035228093602667655
4631,0.00000000000000000000000000000000000000000000000000000000000000000000000000000000000000000000000000000000000000000000000000000000000000000000000000000000000000000000000000000000000000000000000000000000000000000000000000000000000000000000000000000000000000000000000000000000000000000035228093602667655
4632,0.00000000000000000000000000000000000000000000000000000000000000000000000000000000000000000000000000000000000000000000000000000000000000000000000000000000000000000000000000000000000000000000000000000000000000000000000000000000000000000000000000000000000000000000010357040834686575
4633,1
4634,0.000000000000000000000000000000000000000000000000000000000000000000000000000000000000000000000000000000000000000000000000000000000000000000000000000000000000000000000000000000000000000000000000000000000000000000000000000000000000000000000000000000000000000000000000000000000000000000022017558501664617
4635,0
4636,1
4637,0
4638,1
4639,0.000000000000000000000000000000000000000000000000000000000000000000000000000000000000000000000000000000000000000000000000000000000000000000000000000000000000000000000000000000000000000000000000000000000000000000000000000000000000000000000000000000000000000000000000000000000000000000000000000000000000000000000000079711561346
4640,1
4641,0.00000000000000000000000000000000000000000000000000000000000000000000000000000000000000000000000000000000000000000000000000000000000000000000000000000000000000000000000000000000000000000000000000000000000000000000000000000000000000000000000000000000000000000000000000000000000000000000000000000000000000000000000000015568664
4642,1
4643,0.000000000000000000000000000000000000000000000000000000000000000000000000000000000000000000000000000000000000000000000000000000000000000000000000000000000000000000000000000000000000000000000000000000000000000000000000000000000000000000000000000000000000000000000000000000000000000000000000000000000000000000000000004981972584
4644,0
4645,1
4646,0.000000000000000000000000000000000000000000000000000000000000000000000000000000000000000000000000000000000000000000000000000000000000000000000000000000000000000000000000000000000000000000000000000000000000000000000000000000000000000000000000000000000000000000000000000000000000000000000000000000000000000000000000004981972584
4647,0
4648,0
4649,1
4650,0.000000000000000000000000000000000000000000000000000000000000000000000000000000000000000000000000000000000000000000000000000000000000000000000000000000000000000000000000000000000000000000000000000000000000000000000000000000000000000000000000000000000000000000000000000000000000000000000000000000000000000000000000004981972584
4651,0.00000000000000000000000000000000000000000000000000000000000000000000000000000000000000000000000000000000000000000000000000000000000000000000000000000000000000000000000000000000000000000000000000000000000000000000000000000000000000000000000000000000000000000000000000000000000000000000000000000000000000000000000000249098629
4652,1
4653,0.000000000000000000000000000000000000000000000000000000000000000000000000000000000000000000000000000000000000000000000000000000000000000000000000000000000000000000000000000000000000000000000000000000000000000000000000000000000000000000000000000000000000000000000000000000000000000000000000000000000000000000000000079711561346
4654,0
4655,1
4656,0.000000000000000000000000000000000000000000000000000000000000000000000000000000000000000000000000000000000000000000000000000000000000000000000000000000000000000000000000000000000000000000000000000000000000000000000000000000000000000000000000000000000000000000000000000000000000000000000000000000000000000000000000004981972584
4657,0
4658,0
4659,1
4660,0.000000000000000000000000000000000000000000000000000000000000000000000000000000000000000000000000000000000000000000000000000000000000000000000000000000000000000000000000000000000000000000000000000000000000000000000000000000000000000000000000000000000000000000000000000000000000000000000000000000000000000000000000004981972584
4661,0.00000000000000000000000000000000000000000000000000000000000000000000000000000000000000000000000000000000000000000000000000000000000000000000000000000000000000000000000000000000000000000000000000000000000000000000000000000000000000000000000000000000000000000000000000000000000000000000000000000000000000000000000000015568664
4662,0.000000000000000000000000000000000000000000000000000000000000000000000000000000000000000000000000000000000000000000000000000000000000000000000000000000000000000000000000000000000000000000000000000000000000000000000000000000000000000000000000000000000000000000000000000000000000000000000000000000000000000000000000008718452024
4663,1
4664,0.000000000000000000000000000000000000000000000000000000000000000000000000000000000000000000000000000000000000000000000000000000000000000000000000000000000000000000000000000000000000000000000000000000000000000000000000000000000000000000000000000000000000000000000000000000000000000000000000000000000000000000000000004981972584
4665,0
4666,1
4667,0
4668,1
4669,0
4670,0
4671,1
4672,0
4673,0
4674,0
4675,0
4676,1
4677,0
4678,0
4679,0
4680,0
4681,0
4682,0
4683,1
4684,0
4685,1
4686,0
4687,0
4688,0
4689,0
4690,1
4691,0
4692,0
4693,0
4694,0
4695,1
4696,0
4697,0
4698,0
4699,0
4700,1
4701,0
4702,0
4703,0
4704,0
4705,0
4706,0
4707,0
4708,0
4709,0
4710,1
4711,0
4712,0
4713,0
4714,0
4715,1
4716,0
4717,0
4718,0
4719,0
4720,1
4721,0
4722,0
4723,1
4724,0
4725,0
4726,0
4727,0
4728,0
4729,0
4730,0
4731,1
4732,0
4733,0
4734,0
4735,0
4736,1
4737,0
4738,0
4739,1
4740,0
4741,0
4742,1
4743,0
4744,0
4745,0
4746,1
4747,0
4748,0
4749,0
4750,1
4751,0
4752,0
4753,0
4754,1
4755,0
4756,0
4757,1
4758,0
4759,0
4760,1
4761,0
4762,1
4763,0
4764,1
4765,0
4766,0
4767,1
4768,0
4769,0
4770,0
4771,0
4772,1
4773,0
4774,0
4775,0
4776,0
4777,0
4778,0
4779,1
4780,0
4781,0
4782,0
4783,0
4784,1
4785,0
4786,0
4787,1
4788,0
4789,1
4790,0
4791,0
4792,0
4793,1
4794,0
4795,0
4796,0
4797,0
4798,0
4799,0
4800,1
4801,0
4802,0
4803,0
4804,0
4805,1
4806,0
4807,1
4808,0
4809,0
4810,0
4811,0
4812,1
4813,0
4814,0
4815,0
4816,0
4817,1
4818,0
4819,0
4820,0
4821,0
4822,0
4823,0
4824,0
4825,0
4826,1
4827,0
4828,1
4829,0
4830,0
4831,0
4832,1
4833,0
4834,1
4835,1
4836,1
4837,0
4838,1
4839,0
4840,1
4841,0
4842,1
4843,1
4844,0
4845,0
4846,0
4847,0
4848,1
4849,0
4850,0
4851,0
4852,1
4853,0
4854,1
4855,0
4856,0
4857,1
4858,1
4859,0
4860,0
4861,1
4862,0
4863,0
4864,0
4865,1
4866,1
4867,1
4868,0
4869,0
4870,1
4871,0
4872,1
4873,0
4874,0
4875,0
4876,0
4877,0
4878,0
4879,1
4880,0
4881,0
4882,0
4883,0
4884,0
4885,1
4886,1
4887,0
4888,0
4889,0
4890,0
4891,0
4892,0
4893,0
4894,0
4895,0
4896,1
4897,0
4898,0
4899,0
4900,0
4901,0
4902,0
4903,1
4904,0
4905,0
4906,0
4907,0
4908,0
4909,0
4910,1
4911,0
4912,0
4913,1
4914,0
4915,1
4916,0
4917,0
4918,0
4919,0
4920,0
4921,0
4922,1
4923,0
4924,0
4925,1
4926,0
4927,1
4928,0
4929,0.0019417917580042022
4930,0
4931,0.9883870577013341
4932,0.003876027677260135
4933,0
4934,0.9884020228325715
4935,0
4936,1
4937,0.24774774774774785
4938,0
4939,0.33132530120481923
4940,0.33132530120481923
4941,0.004524886877828056
4942,0.49107142857142844
4943,0.005988023952095806
4944,0.887698358876984
4945,0.016139970161399706
4946,0.016404742211193823
4947,0.0010478623013675788
4948,0.016440915460065396
4949,0.016404742211193823
4950,0.0010478623013675788
4951,0.9911246453762267
4952,0.0011117383940591472
4953,0.0011129757319119698
4954,0.0011154538284902586
4955,0
4956,0.0011142158270876304
4957,0
4958,0.9997907633622177
4959,0.00006975689958920051
4960,0
4961,0.9999912807014663
4962,0.000004359682528208339
4963,0
4964,0.9999994550432848
4965,0.0000002724784874828854
4966,0
4967,0
4968,0.9999999489103053
4969,0.00000001702989865226326
4970,0
4971,0
4972,0.9999999978712637
4973,0.0000000010643686584027272
4974,0
4975,0.9999999989356319
4976,0.000000001064368655570525
4977,0
4978,1
4979,0.000000000000000017126750969054464
4980,1
4981,0.000000000000000018197172904620412
4982,0.000000000000000018197172904620412
4983,0.00000000000000006369010516617144
4984,0
4985,0.00000000000000006369010516617144
4986,0.00000000000000000031924864744948116
4987,1
4988,0.000000000000000005199192258462974
4989,0.0000000000000000000000007111099550157119
4990,1
4991,0.000000000000000000000011377784179059314
4992,1
4993,0.00000000000000000000036408909372989884
4994,0.0019455400773656171
4995,0.9845708338989189
4996,0
4997,0.003861062093721252
4998,0.003861062093721252
4999,0.00000000000000000000000000555555868118135
5000,1
5001,0.2424242424242425
5002,0
5003,0.326530612244898
5004,0.326530612244898
5005,0
5006,0.47058823529411753
5007,0
5008,0.4848484848484848
5009,0
5010,0
5011,0.49999999999999994
5012,0.05342167112938389
5013,0.003391581987520039
5014,0.09588010957726811
5015,0.3999607881580237
5016,0.011965651541457465
5017,0.9142729093430064
5018,0.000015240417587441571
5019,0.9999803819417735
5020,0.000000004574663115762932
5021,0.99999992214904
5022,0.999978637665103
5023,0.00000007784930190499575
5024,0.0000000048655814755952165
5025,0.00000007785095210425001
5026,0.0000012456137730239635
5027,0.00000000486558185437738
5028,0.000019929447663069888
5029,0.000000000000016240961328475884
5030,0.9999999999999645
5031,0.000000000000004640279090678088
5032,0.000000000000000001137243667626474
5033,1
5034,0.0000000000000000005686616532693866
5035,1
5036,0.0000000000000000011373233065387753
5037,0.0000000000000000003249495161539358
5038,0.0000000000000000003249495161539358
5039,0
5040,0.0000000000000000003249495161539358
5041,0
5042,1
5043,0
5044,0
5045,0
5046,0
5047,1
5048,0
5049,0
5050,0
5051,0.00000000000000000000000000000001206285156548957
5052,1
5053,0.000000000000000000000000000000024125703130979186
5054,0.00000000000000000000000000000038601125009566436
5055,0.00000000000000000000000000000038601125009566436
5056,0.000000000000000000000000000000024125703130979186
5057,0.00000000000000000000000000009881888002449014
5058,0.000000000000000000000000000000000000021654628508041746
5059,1
5060,1
5061,0.9999956403459824
5062,0
5063,0.000002179831760584716
5064,0.9999956403459824
5065,0.21875000000000003
5066,0
5067,0.3043478260869566
5068,0.3043478260869566
5069,0
5070,0.388888888888889
5071,0
5072,0.4374999999999999
5073,0
5074,0
5075,0.49999999999999994
5076,0.7777777777777778
5077,0
5078,0
5079,0
5080,0
